{
  "1": {
    "F5": 0.0,
    "F10": 0.2,
    "F20": 0.15,
    "F50": 0.12,
    "avg_interval": 5.693486590038314,
    "std_interval": 4.824696574821282,
    "psw": 0.1756393001345895,
    "zone": "Sleepy"
  },
  "2": {
    "F5": 0.0,
    "F10": 0.1,
    "F20": 0.05,
    "F50": 0.18,
    "avg_interval": 6.179166666666666,
    "std_interval": 5.536731825323993,
    "psw": 0.16183412002697237,
    "zone": "Mid"
  },
  "3": {
    "F5": 0.4,
    "F10": 0.3,
    "F20": 0.25,
    "F50": 0.22,
    "avg_interval": 6.903225806451613,
    "std_interval": 5.620472675538677,
    "psw": 0.14485981308411214,
    "zone": "Hot"
  },
  "4": {
    "F5": 0.0,
    "F10": 0.1,
    "F20": 0.1,
    "F50": 0.24,
    "avg_interval": 5.862204724409449,
    "std_interval": 5.221916701444794,
    "psw": 0.17058428475486903,
    "zone": "Hot"
  },
  "5": {
    "F5": 0.2,
    "F10": 0.1,
    "F20": 0.2,
    "F50": 0.14,
    "avg_interval": 6.1875,
    "std_interval": 5.209991402744026,
    "psw": 0.16161616161616163,
    "zone": "Cold"
  },
  "6": {
    "F5": 0.2,
    "F10": 0.2,
    "F20": 0.15,
    "F50": 0.12,
    "avg_interval": 5.574626865671642,
    "std_interval": 4.9975768242721506,
    "psw": 0.179384203480589,
    "zone": "Sleepy"
  },
  "7": {
    "F5": 0.2,
    "F10": 0.3,
    "F20": 0.15,
    "F50": 0.14,
    "avg_interval": 6.787330316742081,
    "std_interval": 6.355602696280841,
    "psw": 0.14733333333333334,
    "zone": "Cold"
  },
  "8": {
    "F5": 0.0,
    "F10": 0.0,
    "F20": 0.15,
    "F50": 0.14,
    "avg_interval": 6.282700421940929,
    "std_interval": 5.4664527609675835,
    "psw": 0.15916722632639355,
    "zone": "Cold"
  },
  "9": {
    "F5": 0.2,
    "F10": 0.2,
    "F20": 0.2,
    "F50": 0.14,
    "avg_interval": 6.264705882352941,
    "std_interval": 5.699153530474063,
    "psw": 0.1596244131455399,
    "zone": "Cold"
  },
  "10": {
    "F5": 0.2,
    "F10": 0.3,
    "F20": 0.3,
    "F50": 0.18,
    "avg_interval": 6.721973094170403,
    "std_interval": 5.646842179499348,
    "psw": 0.14876584389593062,
    "zone": "Mid"
  },
  "11": {
    "F5": 0.4,
    "F10": 0.4,
    "F20": 0.3,
    "F50": 0.24,
    "avg_interval": 5.211805555555555,
    "std_interval": 4.94977547930456,
    "psw": 0.19187208527648236,
    "zone": "Hot"
  },
  "12": {
    "F5": 0.2,
    "F10": 0.2,
    "F20": 0.25,
    "F50": 0.18,
    "avg_interval": 6.3164556962025316,
    "std_interval": 6.384073611474821,
    "psw": 0.15831663326653306,
    "zone": "Mid"
  },
  "13": {
    "F5": 0.4,
    "F10": 0.2,
    "F20": 0.1,
    "F50": 0.08,
    "avg_interval": 5.445255474452555,
    "std_interval": 5.153724056452893,
    "psw": 0.18364611260053618,
    "zone": "Sleepy"
  },
  "14": {
    "F5": 0.2,
    "F10": 0.3,
    "F20": 0.2,
    "F50": 0.2,
    "avg_interval": 6.144628099173554,
    "std_interval": 5.823129294378165,
    "psw": 0.16274377942165433,
    "zone": "Hot"
  },
  "15": {
    "F5": 0.2,
    "F10": 0.2,
    "F20": 0.1,
    "F50": 0.1,
    "avg_interval": 5.983935742971887,
    "std_interval": 5.395199317410423,
    "psw": 0.16711409395973154,
    "zone": "Sleepy"
  },
  "16": {
    "F5": 0.4,
    "F10": 0.2,
    "F20": 0.2,
    "F50": 0.18,
    "avg_interval": 5.98,
    "std_interval": 5.306938853991065,
    "psw": 0.16722408026755853,
    "zone": "Mid"
  },
  "17": {
    "F5": 0.2,
    "F10": 0.2,
    "F20": 0.2,
    "F50": 0.14,
    "avg_interval": 5.794573643410852,
    "std_interval": 5.149739363879931,
    "psw": 0.1725752508361204,
    "zone": "Cold"
  },
  "18": {
    "F5": 0.0,
    "F10": 0.0,
    "F20": 0.2,
    "F50": 0.12,
    "avg_interval": 5.936254980079681,
    "std_interval": 5.492834912612634,
    "psw": 0.16845637583892617,
    "zone": "Sleepy"
  },
  "19": {
    "F5": 0.2,
    "F10": 0.1,
    "F20": 0.1,
    "F50": 0.08,
    "avg_interval": 6.122448979591836,
    "std_interval": 5.573379340023885,
    "psw": 0.16333333333333333,
    "zone": "Sleepy"
  },
  "20": {
    "F5": 0.0,
    "F10": 0.1,
    "F20": 0.1,
    "F50": 0.24,
    "avg_interval": 5.405797101449275,
    "std_interval": 5.588079550282141,
    "psw": 0.18498659517426275,
    "zone": "Hot"
  },
  "21": {
    "F5": 0.0,
    "F10": 0.0,
    "F20": 0.2,
    "F50": 0.24,
    "avg_interval": 6.053061224489796,
    "std_interval": 6.021834490328062,
    "psw": 0.16520566419420094,
    "zone": "Hot"
  },
  "22": {
    "F5": 0.4,
    "F10": 0.4,
    "F20": 0.3,
    "F50": 0.2,
    "avg_interval": 5.463503649635037,
    "std_interval": 4.779111726285801,
    "psw": 0.18303273213092852,
    "zone": "Hot"
  },
  "23": {
    "F5": 0.0,
    "F10": 0.0,
    "F20": 0.1,
    "F50": 0.16,
    "avg_interval": 5.888888888888889,
    "std_interval": 5.261755127274582,
    "psw": 0.16981132075471697,
    "zone": "Mid"
  },
  "24": {
    "F5": 0.0,
    "F10": 0.0,
    "F20": 0.1,
    "F50": 0.24,
    "avg_interval": 5.75968992248062,
    "std_interval": 5.634576525084226,
    "psw": 0.1736204576043069,
    "zone": "Hot"
  },
  "25": {
    "F5": 0.0,
    "F10": 0.1,
    "F20": 0.2,
    "F50": 0.18,
    "avg_interval": 5.485294117647059,
    "std_interval": 5.034418732318394,
    "psw": 0.18230563002680966,
    "zone": "Mid"
  },
  "26": {
    "F5": 0.0,
    "F10": 0.0,
    "F20": 0.0,
    "F50": 0.16,
    "avg_interval": 5.771653543307087,
    "std_interval": 5.413149601145086,
    "psw": 0.17326057298772168,
    "zone": "Mid"
  },
  "27": {
    "F5": 0.2,
    "F10": 0.2,
    "F20": 0.25,
    "F50": 0.16,
    "avg_interval": 6.835616438356165,
    "std_interval": 6.151096791897476,
    "psw": 0.1462925851703407,
    "zone": "Mid"
  },
  "28": {
    "F5": 0.2,
    "F10": 0.1,
    "F20": 0.05,
    "F50": 0.14,
    "avg_interval": 6.4978354978354975,
    "std_interval": 5.579705386312727,
    "psw": 0.15389740173217856,
    "zone": "Cold"
  },
  "29": {
    "F5": 0.4,
    "F10": 0.3,
    "F20": 0.15,
    "F50": 0.16,
    "avg_interval": 5.9015748031496065,
    "std_interval": 5.43991495203274,
    "psw": 0.1694462975316878,
    "zone": "Mid"
  },
  "30": {
    "F5": 0.4,
    "F10": 0.4,
    "F20": 0.25,
    "F50": 0.28,
    "avg_interval": 6.032520325203252,
    "std_interval": 5.835739284576922,
    "psw": 0.16576819407008087,
    "zone": "Hot"
  },
  "31": {
    "F5": 0.2,
    "F10": 0.1,
    "F20": 0.15,
    "F50": 0.12,
    "avg_interval": 5.7203065134099615,
    "std_interval": 5.150078069370299,
    "psw": 0.17481580709979908,
    "zone": "Sleepy"
  },
  "32": {
    "F5": 0.0,
    "F10": 0.0,
    "F20": 0.25,
    "F50": 0.18,
    "avg_interval": 6.575221238938053,
    "std_interval": 6.192066448121822,
    "psw": 0.15208613728129206,
    "zone": "Mid"
  },
  "33": {
    "F5": 0.2,
    "F10": 0.2,
    "F20": 0.2,
    "F50": 0.1,
    "avg_interval": 5.710424710424711,
    "std_interval": 5.081301118330057,
    "psw": 0.1751183231913455,
    "zone": "Sleepy"
  },
  "34": {
    "F5": 0.2,
    "F10": 0.3,
    "F20": 0.2,
    "F50": 0.16,
    "avg_interval": 6.064777327935222,
    "std_interval": 4.839514966642883,
    "psw": 0.16488651535380508,
    "zone": "Mid"
  },
  "35": {
    "F5": 0.0,
    "F10": 0.0,
    "F20": 0.0,
    "F50": 0.16,
    "avg_interval": 5.876984126984127,
    "std_interval": 5.742208837466762,
    "psw": 0.1701553004726536,
    "zone": "Mid"
  },
  "36": {
    "F5": 0.2,
    "F10": 0.2,
    "F20": 0.15,
    "F50": 0.18,
    "avg_interval": 5.77431906614786,
    "std_interval": 5.550935177577522,
    "psw": 0.17318059299191374,
    "zone": "Mid"
  }
}